FLOW,DATA_SOURCE,WEIGHT,IS_MANUALLY_ADJUSTED,NAME,LINK_ID,EST_FLOW,IS_SOURCE
1000,,2,,,12,1034.48275591998,0
500,,Inf,,,13,500.0,0
500,,InF,,,18,500.0,0
500,,0.2,,,19,500.0000134901678,0
0,0,0,0,0,11,1150.0,1
0,0,0,0,0,14,1034.4827694101477,0
0,0,0,0,0,15,717.701252317243,0
0,0,0,0,0,17,384.48275591998004,0
0,0,0,0,0,16,602.1840217273907,1
