IN_LINK_ID,OUT_LINK_ID,TURN_RATIO,WEIGHT
4932995149329981,49329981941017052,0.9227799999999999,1
4932995149329981,4932998149329995,0.07722000000000001,1
