FLOW,DATA_SOURCE,WEIGHT,IS_MANUALLY_ADJUSTED,NAME,LINK_ID,EST_FLOW,IS_SOURCE
1000,,2,,,12,972.413780565008,0
500,,2,,,13,319.9999990991524,0
500,,2,,,18,500.0000000832225,0
500,,0.2,,,19,500.00001258369485,0
0,0,0,0,0,11,1110.1491407673793,1
0,0,0,0,0,14,1152.4137940495505,0
0,0,0,0,0,15,574.1996539970419,0
0,0,0,0,0,17,362.26463988085123,0
0,0,0,0,0,16,616.4643072792131,1
