LINK_ID,FLOW,DATA_SOURCE,WEIGHT,IS_MANUALLY_ADJUSTED,NAME,EST_FLOW,IS_SOURCE
1,0,,0,,,1110.1491407656554,1
2,1000,,2,,,972.4137805650082,0
3,500,,2,,,319.99999909915243,0
4,0,,0,,,1152.41379404955,0
5,0,,0,,,574.1996540219942,0
6,0,,0,,,616.4643073058887,1
7,0,,0,,,362.2646398825753,0
8,500,,2,,,500.0000000832225,0
9,500,,0.2,,,500.0000125836942,0
