FLOW,DATA_SOURCE,WEIGHT,NAME,LINK_ID,IS_MANUALLY_ADJUSTED,EST_FLOW,IS_SOURCE
500,,0.2,,19,,500.0000126153532,0
450,,2,,18,,449.99999783718437,0
550,,2,,13,,319.9999997324451,0
1100,,2,,12,,1019.9999976250577,0
0,0,0,0,11,0,1082.8824208638534,1
0,0,0,0,14,0,1200.000010507966,0
0,0,0,0,15,0,577.752186596053,0
0,0,0,0,17,0,387.1175745983888,0
0,0,0,0,16,0,694.8697762401658,1
