OBJ_VAL,DAY,TIME_OF_DAY
75834.4836557,12-Mar-2015,15:30:00
36558.6208075,12-Mar-2015,15:45:00
134088.000766,12-Mar-2015,16:00:00
